Run	BioSample	TaxID	size_MB	avgLength	bases	LibraryStrategy	LibrarySource	LibraryLayout	avgLength	species	genus	family	order	subclass	infraclass	class	phylum	kingdom	domain	Artiviridae	Retroviridae	Streptococcaceae	Steigviridae	Iridoviridae	Nimaviridae	Arenbergviridae	Druskaviridae	Pootjesviridae	Hepadnaviridae	Papillomaviridae	Polydnaviriformidae	Nairoviridae	Tombusviridae	Vilmaviridae	Orthoherpesviridae	Aliceevansviridae	Burtonviroviridae	Orpheoviridae	Phycodnaviridae	Ackermannviridae	Zierdtviridae	Herelleviridae	Ahmunviridae	Allomimiviridae	Caliciviridae	Picornaviridae	Metaviridae	Adenoviridae	Marnaviridae	Mimiviridae	Ascoviridae	Cedratviridae	Baculoviridae	Alloherpesviridae	Malacoherpesviridae	Tobaniviridae	Drexlerviridae	Microviridae	Schitoviridae	Casjensviridae	Autographiviridae	Potyviridae	Kyanoviridae	Demerecviridae	Parvoviridae	Bicaudaviridae	Polyomaviridae	Closteroviridae	Straboviridae	Duneviridae	Spinareoviridae	Geminiviridae	Circoviridae	Marseilleviridae	Flaviviridae	Tymoviridae	Schizomimiviridae	Intestiviridae	Hytrosaviridae	Stanwilliamsviridae	Fiersviridae	Peduoviridae	Medioniviridae	Asfarviridae	Mesyanzhinovviridae	Guelinviridae	Totiviridae	NA	Coronaviridae	Rhabdoviridae	Nudiviridae	Anelloviridae	Poxviridae	Caulimoviridae	Alphaflexiviridae	Steitzviridae	Betaflexiviridae	Chuviridae	Bromoviridae	Peribunyaviridae	Solemoviridae	Paramyxoviridae	Lebotiviridae	Mitoviridae	Cystoviridae	Zobellviridae	Matonaviridae	Tulasviridae	Chaseviridae	Filamentoviridae	Lipothrixviridae	Geplanaviridae	Ekchuahviridae	Dicistroviridae	Hepeviridae	Kitaviridae	Nanghoshaviridae	Polymycoviridae	Winoviridae	Fusagraviridae	Phenuiviridae	Pleolipoviridae	Fusariviridae	Artoviridae	Pervagoviridae	Arteriviridae	Grimontviridae	Togaviridae	Hypoviridae	Botourmiaviridae	Atkinsviridae	Pachyviridae	Anaerodiviridae	Gresnaviridae	Inoviridae	Forsetiviridae	Sphaerolipoviridae	Hadakaviridae	Matshushitaviridae	Portogloboviridae	Qinviridae	Bornaviridae	Globuloviridae	Filoviridae	Endornaviridae	Turriviridae	Plectroviridae	Polycipiviridae	Tristromaviridae	Naomviridae	Anicreviridae	Kleczkowskaviridae	Blumeviridae	Hantaviridae	Virgaviridae	Berryhillviridae	Staphylococcaceae	Iflaviridae	Secoviridae	Sedoreoviridae	Suoliviridae	Hodgkinviridae	Adamaviridae	Vertoviridae	Corticoviridae	Chrysoviridae	Astroviridae	Molycolviridae	Assiduviridae	Arenaviridae	Rudiviridae	Tosoviridae	Halomagnusviridae	Adintoviridae	Tectiviridae	Hafunaviridae	Bacilladnaviridae	Itzamnaviridae	Picobirnaviridae	Autonotataviridae	Roniviridae	Ahpuchviridae	Yadokariviridae	Genomoviridae	Deltaflexiviridae	Aoguangviridae	Solspiviridae	Fuselloviridae	Alphasatellitidae	Paulinoviridae	Aliusviridae	Orthomyxoviridae	Soleiviridae	Xinmoviridae	Inseviridae	Yaraviridae	Muridae	Graaviviridae	Mesoniviridae	Pseudototiviridae	Amalgaviridae	Nenyaviridae	Phypoliviridae	Euroniviridae	Sinhaliviridae	Pneumoviridae	Orlajensenviridae	Salasmaviridae	Mymonaviridae	Nodaviridae	Mononiviridae	Birnaviridae	Haloferuviridae	Gammaflexiviridae	Fimoviridae	Lavidaviridae	Clavaviridae	Lispiviridae	Nanoviridae	Smacoviridae	Lactobacillaceae	Permutotetraviridae	Vilyaviridae	Nyamiviridae	Methanobacteriaceae	Saparoviridae	Benyviridae	Suolaviridae	Olifoviridae	Nanhypoviridae	Mahapunaviridae	Trautnerviridae	Simuloviridae	Bidnaviridae	Kolmioviridae	Shortaselviridae	Alternaviridae	Alvernaviridae	Madisaviridae	Partitiviridae	Cremegaviridae	Tospoviridae	Megabirnaviridae	Crevaviridae	Ungulaviridae	Mayoviridae	Aspiviridae	Chaacviridae	Rountreeviridae
DRR169038	SAMD00161390	2836420	3287	194	5527179116	RNA-Seq	TRANSCRIPTOMIC	PAIRED	194	Sacculina yatsui	Parasacculina	Polyascidae	None	Cirripedia	Rhizocephala	Thecostraca	arthropods	multicellular animals	None																																																																																																																																																																																																																																						
DRR277134	SAMD00283133	6680	13834	202	21627828718	RNA-Seq	TRANSCRIPTOMIC	PAIRED	202	Megabalanus rosa	Megabalanus	Balanidae	Balanomorpha	Cirripedia	Thoracica	Thecostraca	arthropods	multicellular animals	None	0.0	14455.0	3974.0	411.0	5997.0	63.0	172.0	1.0	89.0	1.0	328.0	7963.0	857.0	0.0	6.0	1287.0	396.0	0.0	5916.0	107409.0	112.0	1184.0	7.0	0.0	786.0	2.0	86.0	45.0	250.0	0.0	210176.0	1060.0	175.0	14463.0	1241.0	81.0	0.0	391.0	0.0	35.0	6.0	153.0	222.0	1517.0	71.0	1.0	0.0	104.0	3.0	58.0	7.0	0.0	11.0	66.0	19237.0	70.0	14.0	90656.0	0.0	131.0	56.0	1.0	344.0	0.0	513.0	12.0	0.0	0.0	67888.0	16.0	5.0	2167.0	10.0	59126.0	31.0	195.0	3.0	3.0	4.0	0.0	4.0	2.0	0.0	0.0	0.0	0.0	0.0	1.0	0.0	0.0	113.0	1.0	0.0	0.0	0.0	0.0	0.0	0.0	8.0	0.0	0.0	0.0	1.0	0.0	9.0	0.0	13.0	1.0	6.0	0.0	0.0	0.0	0.0	0.0	0.0	2.0	0.0	2.0	0.0	0.0	0.0	2.0	0.0	0.0	0.0	12.0	0.0	0.0	0.0	1.0	0.0	0.0	0.0	0.0	0.0	0.0	0.0	0.0	0.0	0.0	0.0	0.0	0.0	0.0	0.0	0.0	2.0	0.0	0.0	0.0	0.0	0.0	0.0	0.0	0.0	1.0	0.0	0.0	0.0	0.0	0.0	0.0	0.0	0.0	0.0	0.0	0.0	0.0	0.0	0.0	0.0	0.0	0.0	0.0	0.0	0.0	0.0	0.0	0.0	0.0	0.0	0.0	0.0	0.0	0.0	0.0	0.0	0.0	0.0	0.0	0.0	0.0	0.0	0.0	0.0	0.0	0.0	0.0	0.0	0.0	0.0	0.0	0.0	0.0	0.0	0.0	0.0	0.0	0.0	0.0	0.0	0.0	0.0	0.0	0.0	0.0	0.0	0.0	0.0	0.0	0.0	0.0	0.0	0.0	1.0	0.0	0.0	1.0	0.0	0.0
DRR311751	SAMD00396033	238042	3394	302	9798315708	RNA-Seq	TRANSCRIPTOMIC	PAIRED	302	Sacculina polygenea	Polyascus	Sacculinidae	None	Cirripedia	Rhizocephala	Thecostraca	arthropods	multicellular animals	None	0.0	3919.0	677.0	762.0	1797.0	231.0	201.0	0.0	267.0	0.0	12.0	2480.0	223.0	5.0	1.0	1161.0	260.0	0.0	3829.0	84446.0	238.0	21.0	35.0	0.0	262.0	0.0	6.0	169.0	76.0	0.0	91227.0	2664.0	184.0	133921.0	113.0	45.0	3.0	4.0	0.0	4.0	7.0	140.0	54.0	5172.0	52.0	1.0	0.0	184.0	65.0	182.0	0.0	6.0	2.0	56.0	9281.0	14.0	88.0	38955.0	1.0	34.0	1.0	0.0	67.0	13.0	63.0	1.0	1.0	0.0	33041.0	6.0	7.0	3125.0	4.0	30955.0	425.0	13.0	3.0	13287.0	37.0	0.0	17.0	4.0	1.0	0.0	0.0	0.0	0.0	0.0	0.0	0.0	0.0	115.0	1.0	0.0	0.0	0.0	0.0	2.0	1.0	0.0	0.0	2.0	0.0	0.0	0.0	78.0	16.0	0.0	0.0	1.0	0.0	0.0	0.0	0.0	0.0	0.0	0.0	0.0	0.0	0.0	3.0	0.0	0.0	0.0	0.0	1.0	0.0	0.0	0.0	0.0	0.0	0.0	0.0	0.0	0.0	0.0	0.0	0.0	0.0	1.0	0.0	217.0	0.0	0.0	0.0	0.0	1.0	0.0	0.0	0.0	3.0	0.0	0.0	29.0	7.0	0.0	0.0	1.0	0.0	0.0	0.0	0.0	0.0	0.0	0.0	2.0	0.0	0.0	0.0	0.0	1.0	0.0	0.0	0.0	2.0	0.0	0.0	0.0	2.0	0.0	0.0	0.0	0.0	1.0	0.0	3.0	0.0	0.0	0.0	0.0	0.0	0.0	0.0	0.0	0.0	0.0	0.0	0.0	0.0	0.0	0.0	0.0	0.0	0.0	1.0	0.0	0.0	0.0	0.0	0.0	0.0	0.0	0.0	0.0	0.0	0.0	0.0	0.0	0.0	0.0	0.0	0.0	0.0	0.0	0.0	0.0	0.0	0.0	0.0	0.0
DRR345795	SAMD00441438	399131	2302	376	4358800897	RNA-Seq	TRANSCRIPTOMIC	PAIRED	376	Balanus rostratus	Balanus	Balanidae	Balanomorpha	Cirripedia	Thoracica	Thecostraca	arthropods	multicellular animals	None	5.0	1448.0	976.0	416.0	1876.0	43.0	128.0	0.0	13.0	4.0	17.0	1062.0	136.0	1.0	0.0	322.0	1.0	0.0	3777.0	42494.0	82.0	112.0	67.0	0.0	207.0	0.0	8.0	16.0	11.0	1.0	55095.0	36.0	41.0	1753.0	111.0	17.0	0.0	2.0	0.0	6.0	4.0	45.0	38.0	342.0	12.0	2.0	1.0	35.0	27.0	19.0	8.0	0.0	1.0	43.0	9645.0	14.0	8.0	25501.0	0.0	1.0	2.0	0.0	9.0	1.0	142.0	1.0	0.0	0.0	6668.0	10.0	1.0	348.0	105.0	30520.0	8.0	0.0	0.0	0.0	0.0	4.0	0.0	0.0	0.0	1.0	0.0	0.0	0.0	12.0	0.0	1.0	0.0	0.0	7.0	0.0	0.0	1.0	1.0	0.0	0.0	0.0	0.0	1.0	0.0	0.0	0.0	0.0	0.0	0.0	3.0	8.0	0.0	0.0	0.0	0.0	0.0	1.0	0.0	2.0	0.0	0.0	0.0	0.0	0.0	0.0	0.0	1.0	0.0	0.0	0.0	0.0	0.0	0.0	0.0	0.0	0.0	0.0	0.0	0.0	1.0	6.0	2.0	58.0	0.0	0.0	0.0	0.0	2.0	0.0	0.0	0.0	0.0	1.0	0.0	0.0	0.0	0.0	0.0	0.0	0.0	0.0	0.0	0.0	0.0	0.0	0.0	4.0	0.0	0.0	0.0	0.0	0.0	0.0	0.0	0.0	0.0	0.0	0.0	0.0	0.0	0.0	0.0	0.0	0.0	0.0	0.0	0.0	0.0	0.0	0.0	0.0	0.0	0.0	0.0	2.0	1.0	1.0	0.0	0.0	0.0	0.0	0.0	0.0	0.0	0.0	0.0	0.0	0.0	0.0	0.0	0.0	0.0	0.0	0.0	0.0	0.0	0.0	0.0	22.0	0.0	0.0	0.0	0.0	0.0	0.0	0.0	0.0	0.0	0.0	1.0	0.0
SRR426837	SAMN00790412	240496	2736	180	4726236780	RNA-Seq	TRANSCRIPTOMIC	PAIRED	180	Tetraclita japonica	Tetraclita	Tetraclitidae	Balanomorpha	Cirripedia	Thoracica	Thecostraca	arthropods	multicellular animals	None																																																																																																																																																																																																																																						
SRR2921281	SAMN04325046	294128	4323	101	6672773060	RNA-Seq	TRANSCRIPTOMIC	PAIRED	101	Hyalella knickerbockeri	Hyalella	Hyalellidae	beach hoppers, scuds and well shrimps	Eumalacostraca	None	Malacostraca	arthropods	multicellular animals	None																																																																																																																																																																																																																																						
SRR4113502	SAMN05717823	37709	3374	300	6359226900	RNA-Seq	TRANSCRIPTOMIC	PAIRED	300	Chthamalus fragilis	Chthamalus	star barnacles	Balanomorpha	Cirripedia	Thoracica	Thecostraca	arthropods	multicellular animals	None	7.0	1123.0	274.0	121.0	1681.0	24.0	23.0	0.0	24.0	36.0	34.0	979.0	50.0	1.0	21.0	565.0	3.0	0.0	1099.0	40095.0	124.0	83.0	17.0	0.0	320.0	3.0	9.0	127.0	23.0	0.0	37895.0	268.0	60.0	5617.0	270.0	41.0	0.0	6.0	0.0	377.0	11.0	52.0	81.0	339.0	8.0	0.0	1.0	18.0	5.0	69.0	21.0	1.0	7.0	101.0	4985.0	26.0	2.0	3994.0	1.0	76.0	222.0	10.0	43.0	0.0	114.0	115.0	3.0	24.0	22680.0	3.0	2.0	814.0	6.0	41658.0	121.0	0.0	4.0	19.0	0.0	1.0	0.0	8.0	0.0	0.0	1.0	0.0	0.0	0.0	0.0	2.0	1.0	0.0	1.0	0.0	0.0	3.0	0.0	0.0	0.0	0.0	0.0	1.0	0.0	0.0	140.0	10.0	0.0	2.0	0.0	3.0	0.0	0.0	20.0	0.0	0.0	0.0	4.0	0.0	0.0	0.0	0.0	0.0	0.0	1.0	0.0	0.0	0.0	1.0	1.0	1.0	3.0	2.0	1.0	1.0	2.0	50.0	1.0	8.0	4.0	3.0	23.0	1.0	1.0	1.0	1.0	2.0	185.0	1.0	2.0	0.0	0.0	0.0	0.0	0.0	0.0	0.0	0.0	0.0	0.0	0.0	0.0	0.0	0.0	0.0	0.0	0.0	0.0	0.0	0.0	0.0	0.0	0.0	0.0	0.0	0.0	0.0	0.0	0.0	0.0	0.0	0.0	0.0	0.0	0.0	0.0	0.0	0.0	0.0	0.0	0.0	0.0	0.0	0.0	0.0	0.0	0.0	0.0	0.0	0.0	0.0	0.0	0.0	0.0	0.0	0.0	0.0	0.0	0.0	0.0	0.0	0.0	0.0	0.0	0.0	0.0	0.0	0.0	0.0	0.0	0.0	0.0	0.0	0.0	0.0	0.0	0.0	0.0	0.0	0.0	0.0
SRR5140130	SAMN06174146	37711	2937	300	5718014400	RNA-Seq	TRANSCRIPTOMIC	PAIRED	300	Loxothylacus texanus	Loxothylacus	Sacculinidae	None	Cirripedia	Rhizocephala	Thecostraca	arthropods	multicellular animals	None	0.0	2583.0	1079.0	114.0	752.0	2.0	5.0	0.0	9.0	2.0	16.0	1501.0	69.0	0.0	1.0	363.0	0.0	0.0	774.0	9644.0	4.0	34.0	6.0	0.0	88.0	0.0	251.0	3.0	9.0	0.0	12864.0	146.0	133.0	988.0	122.0	50.0	1.0	0.0	0.0	0.0	1.0	26.0	49.0	261.0	0.0	0.0	0.0	0.0	1.0	5.0	0.0	0.0	0.0	7.0	750.0	0.0	0.0	3150.0	0.0	341.0	1.0	1.0	20.0	0.0	21.0	0.0	0.0	0.0	4155.0	0.0	38.0	306.0	0.0	6353.0	23.0	0.0	0.0	0.0	0.0	0.0	1.0	0.0	1.0	0.0	0.0	0.0	0.0	0.0	0.0	0.0	0.0	0.0	0.0	0.0	1.0	0.0	0.0	0.0	0.0	0.0	0.0	0.0	0.0	0.0	0.0	0.0	0.0	0.0	0.0	0.0	51.0	0.0	0.0	0.0	0.0	0.0	0.0	0.0	0.0	0.0	0.0	0.0	0.0	0.0	0.0	2.0	0.0	0.0	0.0	0.0	0.0	0.0	0.0	0.0	0.0	0.0	0.0	0.0	2.0	0.0	0.0	1.0	0.0	0.0	0.0	0.0	0.0	1.0	0.0	0.0	0.0	0.0	0.0	0.0	0.0	0.0	0.0	0.0	0.0	0.0	0.0	1.0	0.0	0.0	0.0	0.0	0.0	0.0	0.0	0.0	0.0	0.0	0.0	0.0	0.0	0.0	0.0	0.0	0.0	0.0	0.0	1.0	0.0	0.0	0.0	0.0	0.0	0.0	0.0	0.0	0.0	0.0	0.0	0.0	0.0	0.0	0.0	0.0	0.0	0.0	0.0	0.0	11.0	0.0	0.0	0.0	0.0	3.0	0.0	0.0	0.0	0.0	0.0	0.0	0.0	0.0	0.0	0.0	0.0	0.0	0.0	0.0	0.0	0.0	0.0	0.0	0.0	0.0	0.0	0.0
SRR5140107	SAMN06174160	36137	4156	300	7587269700	RNA-Seq	TRANSCRIPTOMIC	PAIRED	300	Pollicipes polymerus Sowerby, 1833	Pollicipes	Pollicipedidae	Pollicipedomorpha	Cirripedia	Thoracica	Thecostraca	arthropods	multicellular animals	None	0.0	196.0	27.0	109.0	149.0	0.0	6.0	0.0	6.0	0.0	18.0	266.0	19.0	0.0	1.0	66.0	0.0	0.0	338.0	8668.0	1461.0	6.0	4.0	0.0	21.0	0.0	1.0	1.0	1.0	3.0	4677.0	19.0	2.0	533.0	20.0	7.0	0.0	0.0	0.0	4.0	3.0	268.0	37.0	46.0	0.0	0.0	3.0	1.0	0.0	5.0	35.0	0.0	0.0	8.0	1847.0	1.0	0.0	1684.0	0.0	4.0	2.0	0.0	1.0	0.0	16.0	3.0	0.0	0.0	3653.0	1.0	0.0	122.0	30.0	11155.0	3.0	0.0	0.0	0.0	0.0	0.0	3.0	1.0	0.0	0.0	0.0	0.0	0.0	0.0	0.0	0.0	0.0	0.0	0.0	0.0	0.0	0.0	0.0	0.0	0.0	0.0	0.0	10.0	1.0	5.0	1.0	1.0	2.0	1.0	1.0	1.0	1.0	1.0	4.0	1.0	1.0	1.0	1.0	0.0	0.0	0.0	0.0	0.0	0.0	0.0	0.0	0.0	0.0	0.0	0.0	0.0	0.0	0.0	0.0	0.0	0.0	0.0	0.0	0.0	0.0	0.0	0.0	0.0	0.0	0.0	0.0	0.0	0.0	0.0	0.0	0.0	0.0	0.0	0.0	0.0	0.0	0.0	0.0	0.0	0.0	0.0	0.0	0.0	0.0	0.0	0.0	0.0	0.0	0.0	0.0	0.0	0.0	0.0	0.0	0.0	0.0	0.0	0.0	0.0	0.0	0.0	0.0	0.0	0.0	0.0	0.0	0.0	0.0	0.0	0.0	0.0	0.0	0.0	0.0	0.0	0.0	0.0	0.0	0.0	0.0	0.0	0.0	0.0	0.0	0.0	0.0	0.0	0.0	0.0	0.0	0.0	0.0	0.0	0.0	0.0	0.0	0.0	0.0	0.0	0.0	0.0	0.0	0.0	0.0	0.0	0.0	0.0	0.0	0.0	0.0	0.0
SRR5140144	SAMN06174140	94630	12429	300	22527879900	RNA-Seq	TRANSCRIPTOMIC	PAIRED	300	Sessilia sp. DNAS-28B-224092	Semibalanus	Balanidae	Balanomorpha	Cirripedia	Thoracica	Thecostraca	arthropods	multicellular animals	None	0.0	951.0	484.0	201.0	1838.0	14.0	22.0	1.0	9.0	141.0	6.0	963.0	174.0	0.0	7.0	839.0	8.0	0.0	1186.0	37856.0	61.0	4.0	10.0	0.0	113.0	1.0	1.0	6.0	56.0	478.0	81985.0	119.0	57.0	27726.0	237.0	25.0	0.0	12.0	2.0	8.0	8.0	65.0	376.0	438.0	16.0	3.0	2.0	19.0	11.0	18.0	361.0	0.0	3.0	6.0	6535.0	2.0	2.0	8005.0	0.0	32.0	0.0	3.0	206.0	1.0	30.0	8.0	0.0	2.0	11303.0	1.0	6.0	382.0	4.0	13565.0	11.0	0.0	0.0	9.0	1.0	0.0	2.0	5.0	6.0	77.0	1.0	0.0	0.0	0.0	0.0	4.0	47.0	111.0	2.0	37.0	10.0	1.0	0.0	2.0	0.0	0.0	0.0	0.0	0.0	0.0	0.0	8.0	1.0	0.0	3.0	1.0	0.0	0.0	4.0	1.0	0.0	0.0	1.0	0.0	0.0	0.0	1.0	0.0	0.0	0.0	0.0	1.0	0.0	0.0	0.0	0.0	0.0	0.0	1.0	0.0	0.0	0.0	0.0	0.0	2.0	5.0	0.0	15.0	1.0	0.0	0.0	0.0	0.0	1.0	0.0	0.0	0.0	0.0	0.0	1.0	0.0	0.0	1.0	0.0	0.0	0.0	0.0	0.0	0.0	0.0	2.0	0.0	0.0	0.0	0.0	0.0	2.0	0.0	3.0	0.0	0.0	0.0	0.0	0.0	0.0	0.0	0.0	0.0	0.0	0.0	0.0	0.0	0.0	0.0	0.0	0.0	0.0	1.0	0.0	1.0	5.0	0.0	0.0	0.0	0.0	0.0	0.0	0.0	0.0	0.0	1.0	0.0	0.0	0.0	0.0	0.0	0.0	0.0	0.0	0.0	0.0	0.0	0.0	0.0	0.0	0.0	0.0	0.0	3.0	1.0	3.0	0.0	0.0	0.0	0.0	0.0
SRR5198727	SAMN04461044	1720764	6594	202	12298902916	RNA-Seq	TRANSCRIPTOMIC	PAIRED	202	Trachelipus rathkii	Trachelipus	Trachelipodidae	pill bugs, wood lice and sea slaters	Eumalacostraca	None	Malacostraca	arthropods	multicellular animals	None	0.0	6022.0	1440.0	264.0	3899.0	96.0	155.0	9.0	12.0	0.0	3.0	1039.0	181.0	0.0	5.0	5065.0	415.0	0.0	5811.0	127489.0	242.0	55.0	79.0	0.0	735.0	14.0	26.0	875.0	27.0	0.0	253280.0	3321.0	185.0	27415.0	7178.0	135.0	1.0	26.0	1.0	117.0	67.0	269.0	561.0	354.0	47.0	2.0	0.0	18.0	1.0	19.0	0.0	3.0	1.0	54.0	20069.0	0.0	0.0	37675.0	0.0	1.0	3.0	1.0	61.0	5.0	27.0	94.0	0.0	0.0	68342.0	1.0	8.0	1479.0	2.0	59351.0	6323.0	2.0	5.0	1.0	1.0	0.0	0.0	0.0	1.0	0.0	0.0	0.0	0.0	0.0	0.0	0.0	0.0	0.0	3.0	0.0	0.0	0.0	0.0	15.0	0.0	0.0	0.0	0.0	0.0	0.0	0.0	0.0	0.0	0.0	0.0	0.0	0.0	1.0	0.0	0.0	0.0	0.0	0.0	0.0	0.0	0.0	1.0	0.0	0.0	0.0	0.0	0.0	0.0	0.0	0.0	0.0	0.0	0.0	1.0	0.0	0.0	0.0	0.0	3.0	0.0	1.0	0.0	52.0	16.0	1.0	0.0	0.0	0.0	0.0	0.0	0.0	17.0	2.0	1.0	6.0	27.0	1.0	4.0	1.0	1.0	8.0	26.0	60.0	1.0	2.0	17.0	0.0	0.0	0.0	0.0	0.0	0.0	0.0	0.0	0.0	0.0	0.0	0.0	0.0	0.0	0.0	0.0	0.0	0.0	0.0	0.0	0.0	0.0	0.0	0.0	0.0	0.0	0.0	0.0	0.0	0.0	0.0	0.0	0.0	0.0	0.0	0.0	0.0	0.0	0.0	0.0	0.0	0.0	0.0	0.0	0.0	0.0	0.0	0.0	0.0	0.0	0.0	0.0	0.0	0.0	0.0	0.0	0.0	0.0	0.0	0.0	0.0	0.0	0.0	0.0	0.0
SRR5832119	SAMN07352954	41117	6329	202	9063996540	RNA-Seq	TRANSCRIPTOMIC	PAIRED	202	Pollicipes pollicipes	Pollicipes	Pollicipedidae	Pollicipedomorpha	Cirripedia	Thoracica	Thecostraca	arthropods	multicellular animals	None	0.0	4030.0	596.0	189.0	1009.0	11.0	47.0	1.0	138.0	0.0	0.0	2081.0	63.0	1.0	7.0	1022.0	18.0	0.0	1615.0	21819.0	62.0	87.0	8.0	0.0	298.0	0.0	14.0	28.0	25.0	0.0	37188.0	193.0	72.0	3496.0	113.0	55.0	4.0	9.0	0.0	7.0	17.0	10.0	114.0	550.0	4.0	4.0	0.0	46.0	1.0	14.0	20.0	0.0	2.0	22.0	9495.0	0.0	0.0	35793.0	0.0	18.0	18.0	0.0	16.0	0.0	82.0	7.0	0.0	0.0	20257.0	0.0	0.0	464.0	8.0	19567.0	13.0	0.0	0.0	0.0	0.0	0.0	3.0	5.0	1.0	0.0	0.0	0.0	3.0	0.0	0.0	4.0	7.0	1.0	0.0	0.0	0.0	1.0	0.0	0.0	0.0	0.0	0.0	3.0	0.0	0.0	1.0	0.0	0.0	0.0	2.0	1.0	0.0	0.0	1.0	0.0	0.0	0.0	0.0	1.0	0.0	28.0	0.0	0.0	0.0	0.0	0.0	0.0	0.0	0.0	0.0	0.0	0.0	0.0	0.0	0.0	1.0	0.0	0.0	0.0	0.0	0.0	0.0	0.0	0.0	0.0	0.0	0.0	0.0	4.0	0.0	0.0	0.0	0.0	0.0	0.0	0.0	0.0	0.0	0.0	0.0	0.0	0.0	0.0	0.0	0.0	0.0	0.0	0.0	0.0	0.0	0.0	0.0	0.0	0.0	0.0	0.0	0.0	0.0	0.0	0.0	0.0	0.0	0.0	0.0	0.0	0.0	0.0	0.0	0.0	0.0	0.0	0.0	0.0	0.0	0.0	0.0	0.0	0.0	0.0	1.0	0.0	0.0	0.0	0.0	0.0	0.0	0.0	0.0	0.0	0.0	0.0	0.0	0.0	0.0	3.0	0.0	0.0	0.0	0.0	0.0	0.0	0.0	0.0	0.0	0.0	0.0	0.0	1.0	0.0	0.0	0.0
SRR6327827	SAMN08107514	1232802	3488	300	8035677900	RNA-Seq	TRANSCRIPTOMIC	PAIRED	300	Balanus reticulatus Utinomi, 1967	Amphibalanus	Balanidae	Balanomorpha	Cirripedia	Thoracica	Thecostraca	arthropods	multicellular animals	None	0.0	11723.0	5653.0	311.0	7029.0	106.0	287.0	4.0	351.0	6.0	629.0	2798.0	247.0	93.0	16.0	1371.0	14.0	0.0	5518.0	44116.0	367.0	78.0	54.0	0.0	577.0	0.0	4.0	171.0	601.0	0.0	123741.0	572.0	198.0	26631.0	785.0	81.0	1.0	54.0	0.0	8.0	8.0	37.0	220.0	623.0	32.0	2.0	0.0	25.0	3.0	580.0	58.0	23.0	45.0	81.0	12089.0	5.0	2.0	38763.0	1.0	273.0	5.0	1.0	268.0	0.0	378.0	366.0	1.0	3.0	26790.0	8.0	14.0	841.0	67.0	39042.0	117.0	196.0	0.0	1.0	9.0	2.0	0.0	11.0	24.0	0.0	0.0	0.0	22.0	6.0	0.0	1.0	101.0	0.0	0.0	1222.0	1.0	0.0	0.0	1.0	0.0	0.0	1.0	3.0	1.0	0.0	0.0	0.0	1.0	10.0	0.0	0.0	0.0	0.0	0.0	0.0	0.0	1.0	0.0	0.0	0.0	0.0	1.0	0.0	0.0	0.0	0.0	0.0	0.0	0.0	0.0	0.0	0.0	0.0	2.0	0.0	141.0	45.0	0.0	1.0	0.0	0.0	0.0	0.0	0.0	0.0	1.0	0.0	7.0	0.0	0.0	0.0	1.0	0.0	0.0	0.0	0.0	0.0	5.0	0.0	0.0	0.0	0.0	1.0	0.0	0.0	1.0	0.0	0.0	1.0	0.0	0.0	0.0	0.0	2.0	1.0	0.0	0.0	43.0	0.0	0.0	0.0	0.0	1.0	0.0	8.0	0.0	0.0	0.0	0.0	0.0	0.0	0.0	10.0	3.0	0.0	0.0	0.0	0.0	0.0	0.0	0.0	0.0	0.0	0.0	0.0	0.0	0.0	1.0	0.0	0.0	0.0	0.0	0.0	0.0	0.0	0.0	0.0	0.0	0.0	0.0	0.0	0.0	0.0	0.0	0.0	0.0	0.0	0.0	0.0	0.0	0.0
SRR6516776	SAMN08425387	266495	2413	200	6544439800	RNA-Seq	TRANSCRIPTOMIC	PAIRED	200	Megabalanus volcano	Megabalanus	Balanidae	Balanomorpha	Cirripedia	Thoracica	Thecostraca	arthropods	multicellular animals	None																																																																																																																																																																																																																																						
SRR6818896	SAMN08662092	37710	4403	274	11035490190	RNA-Seq	TRANSCRIPTOMIC	PAIRED	274	Lepas (Lepas) anatifera	Lepas	Lepadidae	None	Cirripedia	Thoracica	Thecostraca	arthropods	multicellular animals	None	0.0	1886.0	34.0	227.0	1010.0	158.0	37.0	0.0	22.0	1.0	23.0	2021.0	181.0	1.0	34.0	652.0	10.0	0.0	1837.0	15307.0	241.0	62.0	4.0	0.0	318.0	1.0	13.0	20.0	39.0	1.0	25847.0	150.0	46.0	2484.0	424.0	56.0	4.0	5.0	1.0	23.0	5.0	55.0	38.0	461.0	2.0	5.0	0.0	34.0	195.0	31.0	0.0	0.0	6.0	110.0	4867.0	7.0	36.0	6926.0	1.0	129.0	27.0	7.0	166.0	0.0	81.0	31.0	1.0	1.0	8669.0	3.0	9.0	571.0	44.0	4968.0	37.0	8.0	1.0	21.0	1.0	0.0	1.0	1.0	0.0	0.0	0.0	0.0	0.0	3.0	0.0	0.0	64.0	11.0	0.0	0.0	12.0	1.0	1.0	0.0	0.0	0.0	1.0	2.0	0.0	0.0	167.0	0.0	1.0	1.0	1.0	0.0	1.0	8.0	0.0	0.0	0.0	0.0	0.0	0.0	0.0	0.0	0.0	0.0	0.0	0.0	0.0	0.0	0.0	0.0	0.0	0.0	0.0	0.0	0.0	0.0	0.0	0.0	0.0	0.0	0.0	7.0	6.0	94.0	0.0	0.0	0.0	0.0	2.0	1.0	0.0	0.0	0.0	1.0	0.0	0.0	0.0	0.0	0.0	0.0	0.0	0.0	0.0	0.0	0.0	0.0	0.0	0.0	0.0	0.0	0.0	0.0	0.0	1.0	2.0	1.0	1.0	8.0	1.0	0.0	0.0	0.0	0.0	0.0	0.0	0.0	0.0	0.0	0.0	0.0	0.0	0.0	0.0	0.0	0.0	0.0	0.0	0.0	0.0	0.0	0.0	0.0	0.0	0.0	0.0	0.0	0.0	0.0	0.0	0.0	0.0	0.0	0.0	0.0	0.0	0.0	0.0	0.0	0.0	0.0	0.0	0.0	0.0	0.0	0.0	0.0	0.0	0.0	0.0	0.0	0.0	0.0
SRR7594090	SAMN09711341	6689	994	250	2226732250	RNA-Seq	TRANSCRIPTOMIC	PAIRED	250	white shrimp	Penaeus	penaeid shrimps	Decapoda	Eumalacostraca	None	Malacostraca	arthropods	multicellular animals	None	0.0	205.0	8885.0	4.0	215.0	2.0	3.0	0.0	2.0	0.0	1.0	107.0	0.0	0.0	2.0	50.0	310.0	0.0	241.0	4797.0	5.0	0.0	4.0	0.0	292.0	0.0	0.0	99.0	0.0	0.0	13808.0	4.0	1.0	373.0	116.0	16.0	0.0	0.0	0.0	3.0	1.0	10.0	3.0	210.0	14.0	0.0	0.0	12.0	0.0	4.0	0.0	0.0	0.0	4.0	179.0	0.0	0.0	5846.0	0.0	1.0	73.0	0.0	0.0	0.0	2.0	0.0	38.0	0.0	7416.0	0.0	2.0	202.0	3.0	10513.0	269.0	0.0	0.0	0.0	0.0	0.0	0.0	0.0	0.0	0.0	0.0	0.0	1.0	2.0	0.0	0.0	0.0	0.0	0.0	0.0	0.0	0.0	0.0	0.0	0.0	0.0	0.0	10.0	0.0	0.0	0.0	0.0	11.0	0.0	0.0	0.0	0.0	0.0	0.0	0.0	0.0	0.0	0.0	0.0	0.0	0.0	0.0	0.0	0.0	0.0	0.0	0.0	0.0	0.0	0.0	0.0	0.0	0.0	0.0	0.0	1.0	0.0	0.0	0.0	0.0	1.0	0.0	0.0	0.0	1.0	0.0	0.0	0.0	0.0	0.0	0.0	0.0	0.0	0.0	14.0	0.0	0.0	0.0	0.0	0.0	0.0	0.0	0.0	0.0	0.0	0.0	0.0	0.0	0.0	0.0	0.0	0.0	0.0	0.0	0.0	0.0	0.0	0.0	0.0	0.0	0.0	0.0	0.0	0.0	0.0	0.0	0.0	0.0	0.0	0.0	0.0	0.0	0.0	0.0	0.0	0.0	0.0	0.0	0.0	0.0	0.0	0.0	0.0	0.0	0.0	0.0	0.0	0.0	0.0	0.0	0.0	0.0	0.0	0.0	0.0	0.0	0.0	0.0	0.0	0.0	0.0	0.0	0.0	0.0	0.0	0.0	0.0	0.0	0.0	0.0	0.0
SRR8486073	SAMN10786048	1604590	6013	302	14911162420	RNA-Seq	TRANSCRIPTOMIC	PAIRED	302	Neolepas sp. 1 SH-2015	Neolepas	Neolepadidae	None	Cirripedia	Thoracica	Thecostraca	arthropods	multicellular animals	None	4.0	15578.0	1311.0	1308.0	11403.0	172.0	210.0	4.0	122.0	3.0	231.0	5640.0	458.0	10.0	6.0	20484.0	14.0	0.0	7858.0	86093.0	1337.0	136.0	302.0	0.0	1391.0	4.0	56.0	740.0	323.0	1.0	246956.0	1118.0	485.0	31601.0	1196.0	203.0	11.0	598.0	0.0	465.0	5.0	348.0	432.0	2313.0	72.0	79.0	0.0	80.0	3.0	113.0	43.0	9.0	3.0	88.0	17495.0	124.0	3.0	80352.0	6.0	410.0	436.0	13.0	287.0	3.0	492.0	5.0	13.0	1.0	57558.0	25.0	65.0	3419.0	165.0	65872.0	376.0	0.0	2.0	3.0	5.0	2.0	2.0	9.0	2.0	0.0	0.0	1.0	9.0	2.0	0.0	7.0	259.0	0.0	1.0	1.0	19.0	1.0	0.0	0.0	0.0	1.0	0.0	10.0	5.0	0.0	40.0	1128.0	1.0	0.0	1.0	0.0	3.0	0.0	0.0	0.0	2.0	11.0	0.0	1.0	0.0	0.0	1.0	0.0	0.0	0.0	1.0	0.0	0.0	0.0	0.0	42.0	0.0	1.0	2.0	0.0	0.0	1.0	0.0	0.0	4.0	3.0	0.0	520.0	0.0	0.0	1.0	0.0	2.0	2.0	1.0	0.0	0.0	1.0	0.0	0.0	65.0	0.0	2.0	0.0	0.0	0.0	0.0	15.0	0.0	0.0	5.0	0.0	4.0	1.0	0.0	0.0	1.0	0.0	51.0	13.0	0.0	0.0	0.0	0.0	1.0	1.0	0.0	21.0	3.0	5.0	2.0	1.0	1.0	2.0	1.0	1.0	21.0	2.0	1.0	1.0	2.0	5.0	1.0	0.0	0.0	0.0	0.0	0.0	0.0	0.0	0.0	0.0	0.0	0.0	0.0	0.0	0.0	0.0	0.0	0.0	0.0	0.0	0.0	0.0	0.0	0.0	0.0	0.0	0.0	0.0	0.0	0.0	0.0	0.0	0.0	0.0
SRR8755479	SAMN11175258	1220549	22393	252	65963919672	RNA-Seq	TRANSCRIPTOMIC	PAIRED	252	Balanus improvisus	Amphibalanus	Balanidae	Balanomorpha	Cirripedia	Thoracica	Thecostraca	arthropods	multicellular animals	None																																																																																																																																																																																																																																						
SRR10527303	SAMN13381512	479288	5921	300	18306525600	RNA-Seq	TRANSCRIPTOMIC	SINGLE	300	Octolasmis warwickii	Octolasmis	Poecilasmatidae	None	Cirripedia	Thoracica	Thecostraca	arthropods	multicellular animals	None	42.0	17500.0	5133.0	1638.0	13787.0	5455.0	224.0	6.0	306.0	2.0	56.0	17921.0	625.0	1.0	32.0	30873.0	302.0	0.0	11074.0	159218.0	1654.0	193.0	24.0	0.0	2775.0	1.0	397.0	1313.0	1464.0	0.0	431929.0	2418.0	136.0	28436.0	1836.0	76.0	2.0	2451.0	0.0	61.0	458.0	6490.0	166.0	8023.0	74.0	1.0	6.0	106.0	1.0	2024.0	83.0	102.0	11.0	233.0	24833.0	5.0	9.0	72830.0	1.0	57.0	9.0	9.0	311.0	62.0	289.0	13.0	2279.0	4.0	140663.0	4.0	130.0	4904.0	23.0	60336.0	24608.0	8.0	395.0	2217.0	13.0	0.0	1.0	137.0	3.0	28.0	16.0	1.0	84.0	0.0	0.0	3.0	130.0	1.0	0.0	0.0	2.0	8.0	0.0	0.0	0.0	0.0	0.0	9.0	0.0	0.0	91.0	3.0	3.0	1.0	4.0	1.0	6.0	1.0	0.0	0.0	0.0	3.0	0.0	0.0	0.0	1.0	0.0	0.0	0.0	1.0	1.0	1.0	0.0	0.0	0.0	0.0	0.0	0.0	0.0	0.0	0.0	0.0	0.0	0.0	2.0	1.0	0.0	68.0	0.0	0.0	1.0	0.0	5.0	0.0	0.0	0.0	1.0	0.0	0.0	1.0	0.0	0.0	2.0	0.0	5.0	0.0	0.0	1.0	0.0	31.0	1.0	0.0	0.0	0.0	0.0	0.0	0.0	0.0	0.0	0.0	0.0	1.0	1.0	4.0	1.0	5.0	0.0	0.0	0.0	253.0	0.0	0.0	0.0	0.0	0.0	3.0	0.0	0.0	0.0	7.0	0.0	0.0	0.0	0.0	0.0	0.0	0.0	0.0	0.0	0.0	0.0	2.0	0.0	1.0	0.0	0.0	0.0	1.0	4.0	1.0	1.0	1.0	1.0	2.0	0.0	0.0	0.0	0.0	0.0	0.0	0.0	0.0	0.0	0.0	0.0	0.0
SRR10523768	SAMN13381607	2358227	5504	300	18123663300	RNA-Seq	TRANSCRIPTOMIC	SINGLE	300	Poecilasma gigas	Glyptelasma	Poecilasmatidae	None	Cirripedia	Thoracica	Thecostraca	arthropods	multicellular animals	None	1.0	35856.0	16041.0	654.0	16929.0	1722.0	367.0	14.0	43.0	27.0	286.0	5862.0	594.0	1.0	36.0	2878.0	160.0	0.0	8870.0	195602.0	483.0	122.0	20.0	0.0	7681.0	1.0	45.0	1089.0	1692.0	0.0	323163.0	7309.0	311.0	37547.0	2075.0	50.0	0.0	21.0	0.0	56.0	26.0	1467.0	118.0	3038.0	109.0	2.0	5.0	85.0	0.0	2085.0	19.0	0.0	7.0	223.0	34552.0	44.0	22.0	37736.0	8.0	224.0	26.0	8.0	231.0	0.0	324.0	142.0	12.0	36.0	77411.0	17.0	161.0	2987.0	6.0	106116.0	119.0	4.0	37.0	2.0	119.0	0.0	0.0	11.0	47.0	0.0	0.0	0.0	36.0	14.0	0.0	7.0	0.0	20.0	1.0	0.0	5.0	45.0	0.0	0.0	0.0	0.0	0.0	5.0	1.0	0.0	0.0	0.0	3.0	0.0	3.0	1.0	1.0	0.0	0.0	0.0	0.0	1.0	0.0	2.0	0.0	0.0	1.0	0.0	0.0	0.0	1.0	3.0	0.0	0.0	0.0	0.0	0.0	0.0	1.0	0.0	8.0	22.0	0.0	0.0	9.0	3.0	75.0	395.0	0.0	0.0	1.0	0.0	1.0	0.0	0.0	0.0	0.0	1.0	0.0	0.0	0.0	0.0	3.0	0.0	0.0	0.0	0.0	0.0	1.0	0.0	520.0	26.0	0.0	0.0	0.0	0.0	8.0	0.0	1.0	0.0	0.0	2.0	0.0	1.0	0.0	3.0	0.0	1.0	0.0	1.0	0.0	0.0	0.0	745.0	0.0	0.0	0.0	1.0	0.0	0.0	0.0	0.0	1.0	0.0	1.0	1.0	0.0	0.0	1.0	1.0	1.0	1.0	0.0	0.0	0.0	0.0	0.0	0.0	2.0	0.0	0.0	0.0	0.0	0.0	0.0	0.0	0.0	56.0	1.0	0.0	0.0	0.0	0.0	0.0	0.0	4.0
SRR10995811	SAMN13956700	217703	1894	302	3393947272	RNA-Seq	TRANSCRIPTOMIC	PAIRED	302	Chelonibia testudinaria	Chelonibia	Chelonibiidae	Balanomorpha	Cirripedia	Thoracica	Thecostraca	arthropods	multicellular animals	None	0.0	2407.0	408.0	99.0	947.0	59.0	29.0	0.0	46.0	0.0	10.0	1453.0	85.0	0.0	21.0	422.0	58.0	0.0	934.0	11353.0	48.0	13.0	1.0	0.0	260.0	0.0	0.0	45.0	25.0	1.0	21497.0	114.0	235.0	3868.0	250.0	19.0	1.0	217.0	0.0	4.0	7.0	89.0	12.0	303.0	125.0	0.0	0.0	7.0	28.0	47.0	5.0	1.0	3.0	11.0	2729.0	1.0	0.0	9880.0	0.0	0.0	34.0	1.0	137.0	0.0	58.0	3.0	3.0	5.0	5676.0	2.0	1.0	267.0	25.0	7021.0	20.0	1.0	2.0	1.0	0.0	0.0	1.0	2.0	0.0	0.0	0.0	0.0	2.0	1.0	0.0	0.0	30.0	0.0	0.0	0.0	0.0	0.0	0.0	0.0	0.0	0.0	0.0	1.0	0.0	0.0	950.0	0.0	1.0	0.0	5.0	0.0	0.0	0.0	0.0	0.0	0.0	0.0	0.0	1.0	1.0	2.0	1.0	1.0	2.0	1.0	4.0	3.0	2.0	0.0	0.0	0.0	0.0	0.0	0.0	0.0	0.0	0.0	0.0	0.0	0.0	0.0	0.0	0.0	0.0	0.0	0.0	0.0	0.0	0.0	0.0	0.0	0.0	0.0	0.0	0.0	0.0	0.0	0.0	0.0	0.0	0.0	0.0	0.0	0.0	0.0	0.0	0.0	0.0	0.0	0.0	0.0	0.0	0.0	0.0	0.0	0.0	0.0	0.0	0.0	0.0	0.0	0.0	0.0	0.0	0.0	0.0	0.0	0.0	0.0	0.0	0.0	0.0	0.0	0.0	0.0	0.0	0.0	0.0	0.0	0.0	0.0	0.0	0.0	0.0	0.0	0.0	0.0	0.0	0.0	0.0	0.0	0.0	0.0	0.0	0.0	0.0	0.0	0.0	0.0	0.0	0.0	0.0	0.0	0.0	0.0	0.0	0.0	0.0	0.0	0.0	0.0
SRR12539558	SAMN15930503	51650	3693	602	6754510434	RNA-Seq	TRANSCRIPTOMIC	PAIRED	602	Sacculina carcini Thompson, 1836	Sacculina	Sacculinidae	None	Cirripedia	Rhizocephala	Thecostraca	arthropods	multicellular animals	None	0.0	11.0	0.0	1.0	0.0	0.0	0.0	0.0	0.0	0.0	0.0	8.0	0.0	0.0	0.0	1.0	0.0	0.0	3.0	16.0	0.0	0.0	0.0	0.0	0.0	0.0	1.0	0.0	0.0	0.0	46.0	1.0	0.0	4.0	0.0	0.0	0.0	0.0	0.0	0.0	0.0	0.0	0.0	4.0	1.0	0.0	0.0	0.0	0.0	2.0	0.0	0.0	0.0	0.0	5.0	0.0	0.0	14.0	0.0	0.0	0.0	0.0	1.0	0.0	0.0	0.0	0.0	0.0	891.0	0.0	0.0	1.0	0.0	11.0	1.0	0.0	0.0	0.0	25.0	0.0	0.0	0.0	0.0	0.0	0.0	0.0	0.0	0.0	0.0	0.0	0.0	0.0	0.0	0.0	0.0	0.0	0.0	0.0	0.0	0.0	0.0	1.0	0.0	0.0	0.0	0.0	0.0	0.0	0.0	0.0	0.0	0.0	0.0	0.0	0.0	0.0	0.0	0.0	0.0	0.0	0.0	0.0	0.0	0.0	0.0	0.0	0.0	0.0	0.0	0.0	0.0	0.0	0.0	0.0	0.0	0.0	0.0	0.0	0.0	0.0	0.0	1.0	0.0	0.0	0.0	0.0	0.0	0.0	0.0	0.0	0.0	0.0	0.0	0.0	0.0	0.0	0.0	0.0	0.0	0.0	0.0	0.0	0.0	0.0	0.0	0.0	0.0	0.0	0.0	0.0	0.0	0.0	0.0	0.0	0.0	0.0	0.0	0.0	0.0	0.0	0.0	0.0	0.0	0.0	0.0	0.0	0.0	0.0	0.0	0.0	0.0	0.0	0.0	0.0	0.0	0.0	0.0	0.0	0.0	0.0	0.0	0.0	0.0	0.0	2.0	0.0	0.0	0.0	0.0	0.0	0.0	0.0	0.0	0.0	0.0	0.0	0.0	0.0	0.0	0.0	0.0	0.0	0.0	0.0	0.0	0.0	0.0	0.0	0.0	0.0
SRR13051591	SAMN16787440	245079	2937	300	9798520200	RNA-Seq	TRANSCRIPTOMIC	PAIRED	300	Lepas anserifera	Lepas	Lepadidae	None	Cirripedia	Thoracica	Thecostraca	arthropods	multicellular animals	None	0.0	14942.0	482.0	1470.0	15154.0	770.0	274.0	7.0	255.0	2.0	35.0	8043.0	1696.0	0.0	65.0	4776.0	82.0	0.0	24024.0	148131.0	1252.0	244.0	8.0	0.0	1615.0	2.0	35.0	1044.0	145.0	0.0	334392.0	1202.0	299.0	17078.0	6468.0	56.0	0.0	20.0	0.0	70.0	51.0	306.0	826.0	4824.0	3.0	38.0	2.0	133.0	2526.0	410.0	10.0	49.0	2.0	497.0	30142.0	103.0	115.0	116629.0	1.0	119.0	71.0	0.0	174.0	1.0	291.0	68.0	8.0	0.0	42233.0	0.0	25.0	3435.0	109.0	57197.0	183.0	21.0	69.0	0.0	1.0	0.0	2.0	1.0	273.0	0.0	0.0	0.0	1.0	0.0	0.0	3.0	442.0	55.0	0.0	0.0	7.0	3.0	0.0	0.0	0.0	1.0	1.0	7.0	0.0	0.0	153.0	8.0	1.0	40.0	3.0	3.0	52.0	0.0	1.0	0.0	0.0	1.0	0.0	0.0	0.0	0.0	0.0	0.0	0.0	0.0	2.0	0.0	0.0	0.0	0.0	0.0	0.0	0.0	3.0	0.0	1.0	0.0	0.0	1.0	0.0	29.0	0.0	233.0	0.0	0.0	3.0	0.0	2.0	0.0	0.0	0.0	0.0	1.0	0.0	0.0	0.0	0.0	1.0	0.0	0.0	1.0	0.0	0.0	0.0	0.0	3.0	0.0	0.0	0.0	2.0	1.0	0.0	1.0	2.0	0.0	0.0	1.0	0.0	0.0	0.0	4.0	1.0	0.0	0.0	0.0	0.0	0.0	0.0	0.0	0.0	0.0	0.0	0.0	0.0	0.0	1.0	0.0	0.0	0.0	0.0	0.0	0.0	1.0	0.0	0.0	3.0	0.0	0.0	0.0	0.0	0.0	0.0	0.0	0.0	0.0	0.0	0.0	0.0	0.0	0.0	0.0	0.0	0.0	0.0	0.0	0.0	0.0	0.0	0.0	0.0	0.0
SRR13580929	SAMN17573517	2806734	1920	302	3494518104	RNA-Seq	TRANSCRIPTOMIC	PAIRED	302	Galkinius sp. KKC-2021	Utinomia	Pyrgomatidae	Balanomorpha	Cirripedia	Thoracica	Thecostraca	arthropods	multicellular animals	None	0.0	4248.0	1429.0	179.0	2328.0	123.0	106.0	2.0	99.0	1.0	35.0	1509.0	208.0	0.0	12.0	1726.0	79.0	0.0	2338.0	19054.0	118.0	76.0	4.0	0.0	452.0	0.0	371.0	54.0	43.0	0.0	48868.0	224.0	59.0	4386.0	463.0	261.0	0.0	171.0	1.0	20.0	0.0	37.0	131.0	733.0	7.0	0.0	0.0	49.0	2.0	73.0	5.0	0.0	2.0	56.0	5371.0	5.0	49.0	13803.0	0.0	163.0	27.0	0.0	46.0	0.0	126.0	11.0	10.0	1.0	26707.0	0.0	3.0	1117.0	4.0	12720.0	3.0	1.0	7.0	0.0	0.0	0.0	2.0	4.0	0.0	0.0	0.0	0.0	8.0	48.0	0.0	0.0	32.0	0.0	3.0	0.0	0.0	1.0	0.0	1.0	0.0	0.0	0.0	0.0	0.0	0.0	0.0	0.0	2.0	0.0	0.0	0.0	0.0	0.0	1.0	0.0	0.0	8.0	0.0	0.0	0.0	1.0	0.0	0.0	0.0	0.0	0.0	1.0	0.0	0.0	0.0	0.0	0.0	0.0	0.0	0.0	0.0	0.0	0.0	0.0	0.0	1.0	1.0	3.0	4.0	0.0	0.0	0.0	1.0	1.0	0.0	8.0	0.0	0.0	0.0	0.0	0.0	0.0	0.0	0.0	0.0	0.0	0.0	0.0	0.0	0.0	0.0	0.0	0.0	0.0	0.0	0.0	0.0	0.0	0.0	0.0	0.0	0.0	0.0	0.0	0.0	0.0	0.0	0.0	0.0	0.0	0.0	0.0	0.0	0.0	0.0	0.0	0.0	0.0	0.0	0.0	0.0	0.0	0.0	0.0	0.0	0.0	0.0	0.0	0.0	0.0	0.0	0.0	0.0	0.0	0.0	0.0	0.0	0.0	0.0	0.0	0.0	0.0	0.0	0.0	0.0	0.0	0.0	0.0	0.0	0.0	0.0	0.0	0.0	0.0	0.0	0.0
SRR13557739	SAMN17598517	748155	1821	302	3292930084	RNA-Seq	TRANSCRIPTOMIC	PAIRED	302	Conchoderma hunteri	Conchoderma	Lepadidae	None	Cirripedia	Thoracica	Thecostraca	arthropods	multicellular animals	None	0.0	4327.0	150.0	174.0	3139.0	47.0	76.0	7.0	127.0	0.0	41.0	2845.0	149.0	0.0	1.0	1118.0	46.0	0.0	3894.0	42241.0	85.0	26.0	36.0	0.0	772.0	0.0	2.0	46.0	262.0	0.0	99569.0	808.0	185.0	10457.0	2216.0	2.0	2.0	7.0	0.0	12.0	9.0	28.0	46.0	943.0	9.0	4.0	3.0	38.0	668.0	23.0	12.0	4.0	1.0	27.0	8424.0	10.0	3.0	33433.0	1.0	17.0	19.0	0.0	67.0	0.0	95.0	16.0	66.0	9.0	11820.0	5.0	1.0	352.0	10.0	13318.0	38.0	2.0	1.0	1.0	2.0	0.0	2.0	1.0	0.0	0.0	0.0	0.0	3.0	0.0	0.0	0.0	63.0	0.0	0.0	1.0	0.0	1.0	0.0	0.0	0.0	0.0	0.0	3.0	0.0	0.0	12.0	3.0	1.0	0.0	1.0	1.0	0.0	0.0	0.0	0.0	0.0	0.0	0.0	0.0	0.0	1.0	1.0	0.0	0.0	0.0	0.0	0.0	0.0	0.0	0.0	0.0	0.0	0.0	0.0	0.0	1.0	0.0	0.0	0.0	0.0	2.0	0.0	75.0	1.0	0.0	0.0	0.0	3.0	0.0	2.0	0.0	0.0	0.0	0.0	1.0	0.0	0.0	2.0	1.0	0.0	0.0	0.0	2.0	0.0	0.0	0.0	0.0	1.0	0.0	0.0	0.0	0.0	0.0	0.0	0.0	0.0	0.0	0.0	0.0	0.0	0.0	0.0	0.0	0.0	0.0	0.0	0.0	0.0	0.0	0.0	0.0	0.0	1.0	0.0	0.0	10.0	0.0	1.0	0.0	1.0	0.0	6.0	0.0	0.0	0.0	1.0	0.0	0.0	0.0	1.0	1.0	1.0	0.0	0.0	0.0	0.0	0.0	0.0	0.0	0.0	0.0	0.0	0.0	0.0	0.0	0.0	0.0	0.0	0.0	0.0	0.0
SRR13528008	SAMN17573706	316610	1724	302	3087572198	RNA-Seq	TRANSCRIPTOMIC	PAIRED	302	Chthamalus malayensis	Chthamalus	star barnacles	Balanomorpha	Cirripedia	Thoracica	Thecostraca	arthropods	multicellular animals	None	1.0	3320.0	603.0	215.0	1639.0	15.0	148.0	1.0	24.0	1.0	70.0	1478.0	203.0	35.0	8.0	960.0	29.0	1.0	3007.0	28842.0	75.0	45.0	12.0	1.0	415.0	14.0	3.0	211.0	280.0	1.0	57134.0	264.0	89.0	2788.0	489.0	165.0	1.0	1.0	15.0	5.0	13.0	36.0	96.0	332.0	12.0	6.0	1.0	32.0	1.0	85.0	1.0	14.0	2.0	79.0	5126.0	17.0	1.0	11869.0	6.0	77.0	2.0	136.0	59.0	1.0	114.0	24.0	77.0	1.0	12726.0	3.0	91.0	1260.0	37.0	15051.0	872.0	1.0	6.0	0.0	0.0	0.0	0.0	0.0	0.0	0.0	0.0	0.0	0.0	0.0	0.0	0.0	0.0	0.0	0.0	0.0	0.0	0.0	0.0	0.0	0.0	0.0	0.0	0.0	0.0	0.0	0.0	0.0	0.0	0.0	0.0	0.0	0.0	0.0	0.0	0.0	0.0	0.0	0.0	0.0	0.0	0.0	0.0	0.0	0.0	0.0	0.0	0.0	0.0	0.0	0.0	0.0	0.0	0.0	0.0	0.0	0.0	0.0	0.0	0.0	0.0	0.0	0.0	0.0	0.0	0.0	0.0	0.0	0.0	0.0	0.0	0.0	0.0	0.0	0.0	0.0	0.0	0.0	0.0	0.0	0.0	0.0	0.0	0.0	0.0	0.0	0.0	0.0	0.0	0.0	0.0	0.0	0.0	0.0	0.0	0.0	0.0	0.0	0.0	0.0	0.0	0.0	0.0	0.0	0.0	0.0	0.0	0.0	0.0	0.0	0.0	0.0	0.0	0.0	0.0	0.0	0.0	0.0	0.0	0.0	0.0	0.0	0.0	0.0	0.0	0.0	0.0	0.0	0.0	0.0	0.0	0.0	0.0	0.0	0.0	0.0	0.0	0.0	0.0	0.0	0.0	0.0	0.0	0.0	0.0	0.0	0.0	0.0	0.0	0.0	0.0	0.0
SRR13785539	SAMN18042805	1562191	3270	180	4881780360	RNA-Seq	TRANSCRIPTOMIC	PAIRED	180	Tetraclita japonica	Tetraclita	Tetraclitidae	Balanomorpha	Cirripedia	Thoracica	Thecostraca	arthropods	multicellular animals	None																																																																																																																																																																																																																																						
SRR23490783	SAMN33180070	3027497	2552	300	8447618700	RNA-Seq	TRANSCRIPTOMIC	PAIRED	300	Bathylasma hirsutum	Bathylasma	Bathylasmatidae	Balanomorpha	Cirripedia	Thoracica	Thecostraca	arthropods	multicellular animals	None	0.0	9790.0	653.0	60.0	518.0	24.0	289.0	0.0	67.0	1.0	3.0	305.0	132.0	0.0	37.0	451.0	27.0	0.0	948.0	23985.0	236.0	140.0	273.0	0.0	412.0	0.0	18.0	91.0	113.0	36.0	38385.0	257.0	197.0	1614.0	493.0	0.0	24.0	983.0	0.0	557.0	46.0	110.0	0.0	1140.0	274.0	0.0	22.0	0.0	0.0	1326.0	119.0	0.0	17.0	26.0	1299.0	0.0	0.0	15583.0	0.0	39.0	3.0	0.0	6935.0	0.0	12.0	34.0	0.0	0.0	29379.0	9.0	0.0	232.0	0.0	10912.0	86.0	0.0	0.0	0.0	2.0	0.0	0.0	0.0	0.0	0.0	0.0	0.0	0.0	0.0	0.0	118.0	0.0	0.0	0.0	0.0	1.0	0.0	0.0	0.0	0.0	0.0	0.0	0.0	0.0	0.0	0.0	0.0	0.0	291.0	0.0	0.0	1.0	0.0	0.0	0.0	0.0	5.0	0.0	0.0	0.0	0.0	0.0	0.0	0.0	0.0	0.0	0.0	0.0	0.0	0.0	0.0	112.0	0.0	56.0	0.0	0.0	0.0	0.0	0.0	1.0	0.0	0.0	0.0	0.0	0.0	0.0	0.0	0.0	0.0	0.0	0.0	0.0	0.0	0.0	0.0	0.0	0.0	0.0	0.0	0.0	0.0	0.0	0.0	0.0	0.0	0.0	0.0	0.0	0.0	0.0	0.0	0.0	0.0	0.0	0.0	0.0	0.0	0.0	0.0	0.0	0.0	0.0	0.0	0.0	0.0	0.0	0.0	0.0	0.0	0.0	0.0	0.0	0.0	0.0	0.0	0.0	0.0	0.0	0.0	0.0	0.0	0.0	0.0	0.0	0.0	0.0	0.0	0.0	0.0	0.0	0.0	0.0	0.0	0.0	0.0	0.0	0.0	0.0	0.0	0.0	0.0	0.0	0.0	0.0	0.0	0.0	0.0	0.0	0.0	0.0	0.0
SRR13164554	SAMN16953522	1325305	1733	302	3158015208	RNA-Seq	TRANSCRIPTOMIC	PAIRED	302	Megabalanus ajax	Megabalanus	Balanidae	Balanomorpha	Cirripedia	Thoracica	Thecostraca	arthropods	multicellular animals	None	0.0	4205.0	324.0	97.0	768.0	31.0	64.0	0.0	74.0	19.0	20.0	879.0	135.0	0.0	1.0	461.0	17.0	0.0	1099.0	13138.0	66.0	12.0	13.0	0.0	93.0	0.0	2.0	60.0	148.0	0.0	33079.0	90.0	4.0	3372.0	697.0	13.0	0.0	44.0	0.0	17.0	0.0	75.0	25.0	819.0	5.0	1.0	2.0	9.0	1.0	74.0	7.0	2.0	4.0	10.0	2079.0	25.0	0.0	14594.0	0.0	8.0	1.0	1.0	31.0	1.0	45.0	3.0	91.0	0.0	8792.0	0.0	27.0	244.0	3.0	8222.0	27.0	33.0	0.0	3.0	0.0	0.0	0.0	1.0	0.0	0.0	0.0	0.0	2.0	0.0	1.0	0.0	40.0	0.0	1.0	0.0	1.0	1.0	0.0	0.0	1.0	0.0	0.0	0.0	0.0	0.0	0.0	0.0	5.0	0.0	13.0	0.0	0.0	0.0	0.0	0.0	0.0	0.0	0.0	0.0	0.0	0.0	0.0	0.0	0.0	0.0	0.0	0.0	0.0	0.0	0.0	0.0	0.0	0.0	0.0	0.0	0.0	0.0	0.0	0.0	0.0	2.0	0.0	0.0	0.0	0.0	1.0	0.0	0.0	0.0	0.0	0.0	0.0	0.0	0.0	0.0	0.0	0.0	3.0	0.0	0.0	0.0	0.0	0.0	0.0	0.0	0.0	0.0	0.0	0.0	1.0	0.0	0.0	0.0	0.0	26.0	1.0	0.0	0.0	10.0	0.0	0.0	0.0	0.0	0.0	0.0	0.0	0.0	0.0	0.0	0.0	0.0	0.0	0.0	0.0	0.0	0.0	0.0	0.0	0.0	0.0	0.0	0.0	0.0	0.0	0.0	0.0	0.0	0.0	0.0	0.0	0.0	0.0	0.0	0.0	0.0	0.0	0.0	0.0	0.0	0.0	0.0	0.0	0.0	0.0	0.0	0.0	0.0	0.0	0.0	0.0	0.0
SRR13169468	SAMN16963734	1325312	1847	302	3340275228	RNA-Seq	TRANSCRIPTOMIC	PAIRED	302	Membranobalanus longirostrum	Membranobalanus	Balanidae	Balanomorpha	Cirripedia	Thoracica	Thecostraca	arthropods	multicellular animals	None	1.0	1953.0	1399.0	125.0	2909.0	56.0	83.0	2.0	188.0	0.0	10.0	582.0	67.0	1.0	6.0	465.0	71.0	0.0	1617.0	19399.0	93.0	46.0	4.0	0.0	335.0	0.0	1.0	145.0	16.0	0.0	46051.0	155.0	143.0	27279.0	419.0	78.0	0.0	5.0	0.0	25.0	9.0	79.0	60.0	376.0	6.0	3.0	0.0	52.0	0.0	38.0	2.0	0.0	1.0	46.0	7151.0	0.0	12.0	8730.0	0.0	69.0	84.0	4.0	24.0	2.0	109.0	2.0	0.0	0.0	9013.0	13.0	0.0	533.0	31.0	14532.0	22.0	1.0	3.0	2.0	1.0	15.0	2.0	0.0	0.0	0.0	0.0	0.0	2.0	0.0	0.0	0.0	15.0	0.0	3.0	1.0	87.0	3.0	0.0	2.0	0.0	0.0	1.0	1.0	10.0	0.0	1.0	0.0	2.0	0.0	0.0	0.0	3.0	1.0	0.0	0.0	0.0	1.0	0.0	0.0	0.0	0.0	1.0	0.0	0.0	0.0	0.0	5.0	0.0	0.0	0.0	0.0	0.0	0.0	0.0	0.0	0.0	0.0	0.0	0.0	0.0	0.0	1.0	3.0	0.0	0.0	0.0	0.0	0.0	0.0	0.0	0.0	5.0	0.0	0.0	0.0	0.0	0.0	0.0	0.0	0.0	0.0	0.0	0.0	0.0	0.0	1.0	0.0	0.0	0.0	0.0	0.0	0.0	0.0	0.0	0.0	0.0	0.0	0.0	0.0	1.0	0.0	0.0	5.0	0.0	0.0	0.0	0.0	0.0	0.0	0.0	0.0	0.0	0.0	0.0	0.0	0.0	0.0	0.0	0.0	0.0	0.0	0.0	0.0	0.0	0.0	0.0	0.0	0.0	0.0	25.0	0.0	0.0	0.0	0.0	0.0	0.0	0.0	0.0	0.0	17.0	16.0	0.0	0.0	0.0	0.0	0.0	0.0	0.0	0.0	0.0	0.0
SRR13169467	SAMN16963735	1325312	1831	302	3324153260	RNA-Seq	TRANSCRIPTOMIC	PAIRED	302	Membranobalanus longirostrum	Membranobalanus	Balanidae	Balanomorpha	Cirripedia	Thoracica	Thecostraca	arthropods	multicellular animals	None	0.0	1936.0	1510.0	122.0	2868.0	49.0	56.0	1.0	158.0	0.0	4.0	587.0	66.0	1.0	19.0	470.0	69.0	0.0	1683.0	19201.0	84.0	30.0	3.0	0.0	405.0	0.0	2.0	130.0	14.0	0.0	45634.0	179.0	166.0	27430.0	399.0	77.0	0.0	4.0	0.0	31.0	9.0	73.0	39.0	383.0	6.0	0.0	1.0	61.0	0.0	37.0	4.0	0.0	1.0	39.0	7229.0	1.0	20.0	8720.0	0.0	60.0	67.0	4.0	28.0	0.0	129.0	4.0	1.0	1.0	8956.0	24.0	2.0	566.0	30.0	14446.0	19.0	2.0	0.0	2.0	0.0	15.0	1.0	0.0	0.0	0.0	0.0	0.0	1.0	1.0	0.0	0.0	18.0	0.0	4.0	0.0	79.0	0.0	0.0	1.0	0.0	0.0	0.0	0.0	5.0	1.0	0.0	0.0	0.0	0.0	0.0	0.0	2.0	1.0	0.0	0.0	0.0	1.0	0.0	0.0	0.0	0.0	3.0	0.0	0.0	0.0	0.0	7.0	0.0	0.0	0.0	0.0	0.0	0.0	0.0	0.0	0.0	0.0	0.0	0.0	0.0	0.0	0.0	1.0	0.0	0.0	0.0	0.0	0.0	0.0	0.0	0.0	6.0	0.0	0.0	0.0	0.0	0.0	0.0	0.0	0.0	0.0	0.0	0.0	0.0	0.0	1.0	0.0	0.0	1.0	0.0	0.0	0.0	0.0	0.0	0.0	0.0	0.0	0.0	0.0	0.0	0.0	0.0	6.0	0.0	0.0	0.0	0.0	0.0	0.0	0.0	0.0	0.0	0.0	0.0	0.0	0.0	0.0	0.0	0.0	0.0	0.0	0.0	0.0	0.0	0.0	1.0	0.0	2.0	0.0	22.0	0.0	0.0	0.0	0.0	0.0	0.0	1.0	0.0	0.0	25.0	14.0	0.0	0.0	0.0	0.0	0.0	0.0	0.0	0.0	0.0	0.0
SRR13523349	SAMN17491171	2805688	1758	302	3183324016	RNA-Seq	TRANSCRIPTOMIC	PAIRED	302	Pectinoacasta sp. KKC-2021	Pectinoacasta	Balanidae	Balanomorpha	Cirripedia	Thoracica	Thecostraca	arthropods	multicellular animals	None	0.0	3689.0	398.0	119.0	1463.0	92.0	106.0	3.0	117.0	1.0	73.0	2678.0	314.0	0.0	0.0	854.0	323.0	0.0	3015.0	13572.0	116.0	45.0	52.0	0.0	333.0	0.0	15.0	44.0	91.0	0.0	35931.0	107.0	21.0	3523.0	349.0	34.0	1.0	123.0	0.0	30.0	0.0	101.0	35.0	723.0	17.0	8.0	2.0	20.0	0.0	29.0	2.0	2.0	1.0	53.0	4692.0	8.0	2.0	11957.0	0.0	15.0	62.0	0.0	24.0	0.0	30.0	7.0	6.0	54.0	13120.0	35.0	11.0	718.0	94.0	12347.0	10.0	14.0	0.0	6.0	2.0	1.0	2.0	4.0	1.0	1.0	1.0	1.0	8.0	2.0	1.0	4.0	27.0	1.0	4.0	7.0	1.0	7.0	2.0	2.0	1.0	2.0	4.0	3.0	0.0	0.0	0.0	0.0	0.0	0.0	0.0	0.0	0.0	0.0	0.0	0.0	0.0	0.0	0.0	0.0	0.0	0.0	0.0	0.0	0.0	0.0	0.0	0.0	0.0	0.0	0.0	0.0	0.0	0.0	0.0	0.0	0.0	0.0	0.0	0.0	0.0	0.0	0.0	0.0	0.0	0.0	0.0	0.0	0.0	0.0	0.0	0.0	0.0	0.0	0.0	0.0	0.0	0.0	0.0	0.0	0.0	0.0	0.0	0.0	0.0	0.0	0.0	0.0	0.0	0.0	0.0	0.0	0.0	0.0	0.0	0.0	0.0	0.0	0.0	0.0	0.0	0.0	0.0	0.0	0.0	0.0	0.0	0.0	0.0	0.0	0.0	0.0	0.0	0.0	0.0	0.0	0.0	0.0	0.0	0.0	0.0	0.0	0.0	0.0	0.0	0.0	0.0	0.0	0.0	0.0	0.0	0.0	0.0	0.0	0.0	0.0	0.0	0.0	0.0	0.0	0.0	0.0	0.0	0.0	0.0	0.0	0.0	0.0	0.0	0.0	0.0	0.0
SRR13518267	SAMN17525968	432346	1723	302	3113152504	RNA-Seq	TRANSCRIPTOMIC	PAIRED	302	Wanella milleporae	Wanella	Balanidae	Balanomorpha	Cirripedia	Thoracica	Thecostraca	arthropods	multicellular animals	None	0.0	3243.0	545.0	342.0	1458.0	43.0	137.0	1.0	271.0	2.0	14.0	676.0	271.0	2.0	1.0	1059.0	7.0	1.0	2164.0	18480.0	367.0	88.0	1.0	0.0	499.0	1.0	4.0	101.0	159.0	0.0	45227.0	109.0	70.0	2953.0	274.0	184.0	0.0	2.0	0.0	5.0	55.0	96.0	67.0	699.0	15.0	5.0	3.0	11.0	0.0	39.0	2.0	0.0	5.0	43.0	5202.0	7.0	1.0	12117.0	0.0	201.0	19.0	0.0	24.0	1.0	58.0	11.0	7.0	10.0	10712.0	5.0	21.0	714.0	17.0	14018.0	25.0	2.0	1.0	0.0	0.0	0.0	0.0	1.0	0.0	0.0	0.0	0.0	1.0	0.0	0.0	1.0	35.0	3.0	5.0	0.0	0.0	9.0	0.0	1.0	0.0	0.0	0.0	0.0	0.0	2.0	0.0	1.0	2.0	0.0	0.0	0.0	338.0	0.0	0.0	0.0	0.0	0.0	0.0	0.0	0.0	0.0	0.0	1.0	0.0	0.0	0.0	16.0	0.0	0.0	0.0	0.0	0.0	0.0	0.0	0.0	0.0	0.0	0.0	0.0	0.0	1.0	0.0	12.0	0.0	0.0	0.0	0.0	0.0	0.0	0.0	0.0	13.0	0.0	0.0	0.0	0.0	0.0	1.0	0.0	0.0	0.0	0.0	11.0	0.0	0.0	0.0	1.0	1.0	1.0	6.0	1.0	1.0	0.0	0.0	0.0	0.0	0.0	0.0	0.0	0.0	0.0	0.0	0.0	0.0	0.0	0.0	0.0	0.0	0.0	0.0	0.0	0.0	0.0	0.0	0.0	0.0	0.0	0.0	0.0	0.0	0.0	0.0	0.0	0.0	0.0	0.0	0.0	0.0	0.0	0.0	0.0	0.0	0.0	0.0	0.0	0.0	0.0	0.0	0.0	0.0	0.0	0.0	0.0	0.0	0.0	0.0	0.0	0.0	0.0	0.0	0.0
SRR14354747	SAMN18916982	41070	4609	300	12651131100	RNA-Seq	TRANSCRIPTOMIC	PAIRED	300	Pollicipes mitella	Capitulum	Pollicipedidae	Pollicipedomorpha	Cirripedia	Thoracica	Thecostraca	arthropods	multicellular animals	None	0.0	9749.0	25523.0	661.0	27659.0	142.0	211.0	5.0	259.0	2.0	46.0	8504.0	358.0	73.0	21.0	2161.0	14.0	0.0	11014.0	137235.0	108.0	300.0	7.0	0.0	2315.0	2.0	108.0	459.0	124.0	2.0	343368.0	14451.0	384.0	121144.0	868.0	353.0	0.0	4.0	0.0	75.0	28.0	173.0	302.0	3143.0	99.0	39.0	3.0	218.0	33.0	606.0	17.0	28.0	0.0	247.0	32455.0	254.0	6.0	139811.0	459.0	382.0	122.0	121.0	130.0	0.0	914.0	105.0	4.0	1.0	83972.0	260.0	10.0	3115.0	4.0	97655.0	109.0	3.0	0.0	0.0	75.0	1.0	1.0	16.0	8.0	0.0	0.0	0.0	1.0	54.0	0.0	1.0	217.0	57.0	14.0	0.0	0.0	47.0	0.0	2.0	0.0	0.0	0.0	3.0	0.0	0.0	0.0	0.0	0.0	0.0	1.0	0.0	0.0	0.0	0.0	0.0	0.0	1.0	0.0	1.0	0.0	1.0	0.0	0.0	0.0	0.0	1.0	2.0	0.0	0.0	4.0	0.0	1.0	0.0	0.0	0.0	0.0	0.0	0.0	0.0	0.0	0.0	0.0	5.0	0.0	1.0	0.0	0.0	0.0	1.0	0.0	0.0	0.0	0.0	0.0	6.0	0.0	0.0	1.0	0.0	0.0	0.0	0.0	0.0	0.0	0.0	2.0	1.0	3.0	0.0	0.0	13.0	1.0	0.0	1.0	0.0	0.0	1.0	0.0	0.0	0.0	0.0	0.0	0.0	0.0	0.0	0.0	1.0	0.0	3.0	1.0	0.0	0.0	14.0	0.0	0.0	3.0	0.0	0.0	0.0	0.0	0.0	1.0	0.0	0.0	0.0	0.0	0.0	0.0	0.0	0.0	0.0	0.0	0.0	0.0	0.0	0.0	0.0	0.0	0.0	0.0	0.0	1.0	0.0	0.0	0.0	0.0	1.0	0.0	0.0	0.0	0.0
SRR14809834	SAMN19549331	1232801	42403	302	131838135334	RNA-Seq	TRANSCRIPTOMIC	PAIRED	302	Balanus amphitrite	Amphibalanus	Balanidae	Balanomorpha	Cirripedia	Thoracica	Thecostraca	arthropods	multicellular animals	None																																																																																																																																																																																																																																						
SRR14872363	SAMN19796478	238044	498	50	1137501050	RNA-Seq	TRANSCRIPTOMIC	SINGLE	50	Sacculina panopaei	Loxothylacus	Sacculinidae	None	Cirripedia	Rhizocephala	Thecostraca	arthropods	multicellular animals	None																																																																																																																																																																																																																																						
SRR17651134	SAMN25044011	2664287	5610	216	11976211472	RNA-Seq	TRANSCRIPTOMIC	PAIRED	216	Peltogaster reticulata Shiino, 1943	Peltogaster	Peltogastridae	None	Cirripedia	Rhizocephala	Thecostraca	arthropods	multicellular animals	None	0.0	7247.0	852.0	519.0	4231.0	12.0	175.0	1.0	155.0	1.0	23.0	5240.0	788.0	1.0	12.0	443.0	96.0	0.0	3216.0	38587.0	397.0	122.0	1.0	0.0	874.0	1.0	4.0	2702.0	299.0	0.0	100934.0	2482.0	36.0	20598.0	579.0	131.0	0.0	206.0	0.0	3.0	0.0	56.0	107.0	1589.0	2.0	2.0	0.0	5.0	0.0	129.0	0.0	0.0	1.0	45.0	16686.0	8.0	0.0	21368.0	1.0	18.0	4.0	1.0	91.0	0.0	31.0	1.0	111.0	3.0	42842.0	6.0	1.0	2701.0	18.0	27498.0	3204.0	1.0	29.0	0.0	1.0	0.0	2.0	1.0	1.0	0.0	1.0	0.0	49.0	0.0	0.0	1.0	0.0	0.0	0.0	0.0	1.0	0.0	0.0	0.0	0.0	0.0	0.0	0.0	0.0	0.0	0.0	1.0	0.0	4.0	0.0	1.0	1.0	2.0	0.0	0.0	0.0	0.0	0.0	1.0	0.0	0.0	0.0	1.0	21.0	0.0	0.0	14.0	0.0	0.0	0.0	0.0	0.0	0.0	4.0	0.0	0.0	0.0	0.0	0.0	130.0	0.0	0.0	268.0	0.0	0.0	0.0	0.0	0.0	1.0	0.0	0.0	0.0	0.0	0.0	0.0	65.0	0.0	1.0	0.0	0.0	0.0	0.0	23.0	0.0	0.0	0.0	0.0	0.0	0.0	0.0	0.0	0.0	0.0	4.0	0.0	12.0	0.0	1.0	0.0	0.0	0.0	0.0	0.0	0.0	2.0	0.0	0.0	0.0	0.0	0.0	0.0	0.0	0.0	0.0	2.0	0.0	0.0	0.0	1.0	10.0	1.0	1.0	2.0	4.0	0.0	0.0	0.0	0.0	0.0	0.0	0.0	0.0	0.0	0.0	0.0	0.0	0.0	0.0	0.0	0.0	0.0	0.0	0.0	0.0	0.0	0.0	0.0	0.0	0.0	0.0	0.0
SRR23562286	SAMN33331044	2511776	2111	300	7162880400	RNA-Seq	TRANSCRIPTOMIC	PAIRED	300	Vulcanolepas sp. 1 SJK-2019	Vulcanolepas	Neolepadidae	None	Cirripedia	Thoracica	Thecostraca	arthropods	multicellular animals	None	0.0	6236.0	4558.0	449.0	3854.0	98.0	237.0	2.0	285.0	0.0	59.0	3309.0	204.0	91.0	0.0	11804.0	2.0	0.0	4474.0	81550.0	796.0	165.0	20.0	0.0	933.0	1.0	3.0	878.0	94.0	1.0	97146.0	772.0	218.0	23191.0	494.0	449.0	1.0	356.0	0.0	91.0	3.0	354.0	795.0	808.0	122.0	2.0	0.0	106.0	2.0	174.0	49.0	0.0	6.0	35.0	18514.0	135.0	1.0	18524.0	0.0	39.0	99.0	4.0	112.0	1.0	305.0	18.0	2.0	13.0	29580.0	2.0	28.0	1790.0	100.0	80018.0	23.0	1.0	2.0	0.0	0.0	0.0	0.0	5.0	1.0	0.0	0.0	0.0	2.0	0.0	0.0	1.0	48.0	0.0	0.0	0.0	0.0	0.0	0.0	0.0	0.0	0.0	0.0	0.0	0.0	0.0	2.0	438.0	0.0	1.0	0.0	0.0	0.0	0.0	0.0	0.0	0.0	4.0	0.0	4.0	0.0	0.0	2.0	0.0	0.0	0.0	0.0	0.0	0.0	0.0	0.0	0.0	0.0	0.0	1.0	0.0	0.0	0.0	0.0	0.0	0.0	0.0	0.0	47.0	0.0	0.0	0.0	0.0	0.0	1.0	0.0	0.0	0.0	0.0	0.0	0.0	0.0	0.0	0.0	0.0	0.0	0.0	0.0	0.0	0.0	0.0	0.0	0.0	0.0	0.0	0.0	0.0	0.0	0.0	0.0	72.0	0.0	0.0	0.0	0.0	1.0	3.0	1.0	6.0	0.0	0.0	0.0	0.0	0.0	0.0	0.0	0.0	0.0	0.0	0.0	0.0	0.0	0.0	0.0	0.0	0.0	0.0	0.0	0.0	0.0	0.0	0.0	0.0	0.0	0.0	0.0	0.0	0.0	0.0	0.0	0.0	0.0	0.0	0.0	0.0	0.0	0.0	0.0	0.0	0.0	0.0	0.0	0.0	0.0	0.0	0.0	0.0
SRR23562283	SAMN33331047	748153	2317	300	7139064600	RNA-Seq	TRANSCRIPTOMIC	PAIRED	300	Scalpellum stearnsi	Scalpellum	Scalpellidae	None	Cirripedia	Thoracica	Thecostraca	arthropods	multicellular animals	None	0.0	6270.0	1972.0	260.0	3982.0	179.0	40.0	1.0	0.0	23.0	26.0	2912.0	69.0	1.0	2.0	7473.0	0.0	0.0	1928.0	42551.0	262.0	6.0	29.0	0.0	290.0	0.0	4.0	150.0	10.0	0.0	85506.0	464.0	27.0	8947.0	442.0	18.0	0.0	32.0	0.0	76.0	2.0	57.0	128.0	529.0	3.0	0.0	0.0	29.0	66.0	30.0	121.0	0.0	6.0	51.0	6480.0	3.0	100.0	5756.0	0.0	8.0	72.0	1.0	55.0	0.0	71.0	2.0	41.0	2.0	24423.0	15.0	13.0	475.0	282.0	44074.0	49.0	3.0	0.0	1.0	25.0	0.0	0.0	19.0	20.0	0.0	0.0	0.0	11.0	0.0	0.0	0.0	7.0	5.0	0.0	0.0	0.0	0.0	0.0	4.0	0.0	0.0	0.0	132.0	2.0	0.0	0.0	0.0	0.0	0.0	2.0	0.0	1.0	0.0	0.0	0.0	0.0	0.0	0.0	0.0	0.0	0.0	0.0	0.0	0.0	0.0	0.0	0.0	0.0	0.0	0.0	0.0	0.0	0.0	2.0	0.0	0.0	0.0	0.0	0.0	0.0	2.0	0.0	10.0	0.0	0.0	0.0	0.0	0.0	1.0	0.0	0.0	0.0	0.0	0.0	0.0	0.0	0.0	0.0	0.0	0.0	0.0	0.0	0.0	0.0	0.0	0.0	0.0	0.0	0.0	0.0	0.0	0.0	0.0	0.0	0.0	0.0	1.0	0.0	0.0	1.0	0.0	0.0	0.0	0.0	0.0	0.0	0.0	0.0	1.0	0.0	0.0	0.0	0.0	0.0	0.0	0.0	0.0	44.0	0.0	0.0	0.0	0.0	0.0	0.0	0.0	0.0	0.0	0.0	0.0	0.0	0.0	0.0	0.0	0.0	0.0	0.0	0.0	0.0	1.0	0.0	0.0	1.0	1.0	1.0	0.0	0.0	0.0	0.0	0.0	0.0	0.0
SRR29118782	SAMN41406253	311010	3512	195	11088693773	RNA-Seq	TRANSCRIPTOMIC	PAIRED	195	Tetraclita rubescens	Tetraclita	Tetraclitidae	Balanomorpha	Cirripedia	Thoracica	Thecostraca	arthropods	multicellular animals	None																																																																																																																																																																																																																																						
SRR31412042	SAMN44729405	3381862	2173	299	7230558990	RNA-Seq	TRANSCRIPTOMIC	PAIRED	299	Sacculina sinensis	Parasacculina	Polyascidae	None	Cirripedia	Rhizocephala	Thecostraca	arthropods	multicellular animals	None	5.0	6611.0	7258.0	45.0	4668.0	21.0	122.0	0.0	0.0	9.0	2.0	9619.0	415.0	3.0	1.0	722.0	3.0	0.0	10711.0	245456.0	2447.0	11.0	24.0	0.0	527.0	1.0	16.0	0.0	34.0	0.0	307796.0	2022.0	250.0	18930.0	373.0	521.0	27.0	0.0	0.0	21101.0	0.0	149.0	312.0	1131.0	14.0	0.0	0.0	78.0	0.0	62.0	0.0	30.0	0.0	0.0	20309.0	5.0	7.0	18285.0	12.0	239.0	1.0	0.0	189.0	0.0	123.0	0.0	0.0	0.0	39769.0	4.0	84.0	1330.0	21.0	61689.0	137.0	0.0	1.0	0.0	28.0	0.0	0.0	85.0	1.0	14.0	0.0	0.0	0.0	0.0	0.0	0.0	0.0	0.0	0.0	0.0	5.0	0.0	0.0	0.0	0.0	7.0	0.0	331.0	0.0	0.0	0.0	2047.0	1.0	2.0	2.0	0.0	0.0	0.0	0.0	0.0	0.0	0.0	0.0	0.0	0.0	0.0	0.0	3.0	0.0	0.0	0.0	1.0	0.0	0.0	0.0	0.0	2.0	0.0	0.0	0.0	0.0	0.0	0.0	0.0	0.0	1.0	2.0	13.0	0.0	0.0	0.0	0.0	0.0	0.0	0.0	0.0	0.0	0.0	0.0	0.0	0.0	2.0	0.0	1.0	0.0	0.0	0.0	0.0	0.0	0.0	1.0	0.0	0.0	0.0	0.0	0.0	0.0	0.0	5.0	0.0	0.0	0.0	0.0	0.0	0.0	0.0	0.0	0.0	0.0	0.0	0.0	0.0	0.0	0.0	4.0	0.0	0.0	0.0	0.0	0.0	0.0	0.0	0.0	0.0	0.0	0.0	0.0	1.0	0.0	4.0	3.0	1.0	0.0	0.0	0.0	0.0	0.0	0.0	0.0	0.0	0.0	0.0	0.0	0.0	0.0	0.0	0.0	0.0	0.0	0.0	0.0	0.0	0.0	0.0	0.0	0.0
